[{"_id":"59443ccd30ce5721ab13c66c","assembly_platform":"","annotation_score":3,"name":"Ophiophagus hannah complete genome","project_homepage":"","literature_reference":{"pmid":"24297900","authors":["Vonk FJ","Casewell NR","Henkel CV","Heimberg AM","Jansen HJ","McCleary RJ","Kerkkamp HM","Vos RA","Guerreiro I","Calvete JJ","Wuster W","Woods AE","Logan JM","Harrison RA","Castoe TA","de Koning AP","Pollock DD","Yandell M","Calderon D","Renjifo C","Currier RB","Salgado D","Pla D","Sanz L","Hyder AS","Ribeiro JM","Arntzen JW","van den Thillart GE","Boetzer M","Pirovano W","Dirks RP","Spaink HP","Duboule D","McGlinn E","Kini RM","Richardson MK"],"citation":"Proc Natl Acad Sci U S A. 2013 Dec 17;110(51):20651-6. doi: 10.1073/pnas.1314702110. Epub 2013 Dec 2.","journal":"Proceedings of the National Academy of Sciences of the United States of America","title":"The king cobra genome reveals dynamic gene evolution and adaptation in the snake venom system."},"venomkb_id":"G6069703","out_links":{"ncbi_genome":{"link":"https://www.ncbi.nlm.nih.gov/genome/10842","id":10842}},"species_ref":"S5462960"},{"_id":"59443ccd30ce5721ab13c66d","assembly_platform":"","annotation_score":4,"name":"Apis mellifera complete genome","project_homepage":"","literature_reference":{"pmid":"17073008","authors":["Weinstock GM","Robinson GE","Gibbs RA","Weinstock GM","Robinson GE","Worley KC","Evans JD","Maleszka R","Robertson HM","Weaver DB","Beye M","Bork P","Elsik CG","Evans JD","Hartfelder K","Hunt GJ","Robertson HM","Robinson GE","Maleszka R","Weinstock GM","Worley KC","Zdobnov EM","Hartfelder K","Amdam GV","Bitondi MM","Collins AM","Cristino AS","Evans JD","Lattorff MG","Lobo CH","Moritz RF","Nunes FM","Page RE Jr","Simoes ZL","Wheeler D","Carninci P","Fukuda S","Hayashizaki Y","Kai C","Kawai J","Sakazume N","Sasaki D","Tagami M","Maleszka R","Amdam GV","Albert S","Baggerman G","Beggs KT","Bloch G","Cazzamali G","Cohen M","Drapeau MD","Eisenhardt D","Emore C","Ewing MA","Fahrbach SE","Foret S","Grimmelikhuijzen CJ","Hauser F","Hummon AB","Hunt GJ","Huybrechts J","Jones AK","Kadowaki T","Kaplan N","Kucharski R","Leboulle G","Linial M","Littleton JT","Mercer AR","Page RE Jr","Robertson HM","Robinson GE","Richmond TA","Rodriguez-Zas SL","Rubin EB","Sattelle DB","Schlipalius D","Schoofs L","Shemesh Y","Sweedler JV","Velarde R","Verleyen P","Vierstraete E","Williamson MR","Beye M","Ament SA","Brown SJ","Corona M","Dearden PK","Dunn WA","Elekonich MM","Elsik CG","Foret S","Fujiyuki T","Gattermeier E","Gempe T","Hasselmann M","Kadowaki T","Kage E","Kamikouchi A","Kubo T","Kucharski R","Kunieda T","Lorenzen M","Maleszka R","Milshina NV","Morioka M","Ohashi K","Overbeek R","Page RE Jr","Robertson HM","Robinson GE","Ross CA","Schioett M","Shippy T","Takeuchi H","Toth AL","Willis JH","Wilson MJ","Robertson HM","Zdobnov EM","Bork P","Elsik CG","Gordon KH","Letunic I","Hackett K","Peterson J","Felsenfeld A","Guyer M","Solignac M","Agarwala R","Cornuet JM","Elsik CG","Emore C","Hunt GJ","Monnerot M","Mougel F","Reese JT","Schlipalius D","Vautrin D","Weaver DB","Gillespie JJ","Cannone JJ","Gutell RR","Johnston JS","Elsik CG","Cazzamali G","Eisen MB","Grimmelikhuijzen CJ","Hauser F","Hummon AB","Iyer VN","Iyer V","Kosarev P","Mackey AJ","Maleszka R","Reese JT","Richmond TA","Robertson HM","Solovyev V","Souvorov A","Sweedler JV","Weinstock GM","Willliamson MR","Zdobnov EM","Evans JD","Aronstein KA","Bilikova K","Chen YP","Clark AG","Decanini LI","Gelbart WM","Hetru C","Hultmark D","Imler JL","Jiang H","Kanost M","Kimura K","Lazzaro BP","Lopez DL","Simuth J","Thompson GJ","Zou Z","De Jong P","Sodergren E","Csuros M","Milosavljevic A","Johnston JS","Osoegawa K","Richards S","Shu CL","Weinstock GM","Elsik CG","Duret L","Elhaik E","Graur D","Reese JT","Robertson HM","Robertson HM","Elsik CG","Maleszka R","Weaver DB","Amdam GV","Anzola JM","Campbell KS","Childs KL","Collinge D","Crosby MA","Dickens CM","Elsik CG","Gordon KH","Grametes LS","Grozinger CM","Jones PL","Jorda M","Ling X","Matthews BB","Miller J","Milshina NV","Mizzen C","Peinado MA","Reese JT","Reid JG","Robertson HM","Robinson GE","Russo SM","Schroeder AJ","St Pierre SE","Wang Y","Zhou P","Robertson HM","Agarwala R","Elsik CG","Milshina NV","Reese JT","Weaver DB","Worley KC","Childs KL","Dickens CM","Elsik CG","Gelbart WM","Jiang H","Kitts P","Milshina NV","Reese JT","Ruef B","Russo SM","Venkatraman A","Weinstock GM","Zhang L","Zhou P","Johnston JS","Aquino-Perez G","Cornuet JM","Monnerot M","Solignac M","Vautrin D","Whitfield CW","Behura S","Berlocher SH","Clark AG","Gibbs RA","Johnston JS","Sheppard WS","Smith DR","Suarez AV","Tsutsui ND","Weaver DB","Wei X","Wheeler D","Weinstock GM","Worley KC","Havlak P","Li B","Liu Y","Sodergren E","Zhang L","Beye M","Hasselmann M","Jolivet A","Lee S","Nazareth LV","Pu LL","Thorn R","Weinstock GM","Stolc V","Robinson GE","Maleszka R","Newman T","Samanta M","Tongprasit WA","Aronstein KA","Claudianos C","Berenbaum MR","Biswas S","de Graaf DC","Feyereisen R","Johnson RM","Oakeshott JG","Ranson H","Schuler MA","Muzny D","Gibbs RA","Weinstock GM","Chacko J","Davis C","Dinh H","Gill R","Hernandez J","Hines S","Hume J","Jackson L","Kovar C","Lewis L","Miner G","Morgan M","Nazareth LV","Nguyen N","Okwuonu G","Paul H","Richards S","Santibanez J","Savery G","Sodergren E","Svatek A","Villasana D","Wright R"],"citation":"Nature. 2006 Oct 26;443(7114):931-49.","journal":"Nature","title":"Insights into social insects from the genome of the honeybee Apis mellifera."},"venomkb_id":"G3863526","out_links":{"ncbi_genome":{"link":"https://www.ncbi.nlm.nih.gov/genome/48","id":48}},"species_ref":"S4876300"},{"_id":"59443ccd30ce5721ab13c66e","assembly_platform":"","annotation_score":3,"name":"Conus bullatus complete genome","project_homepage":"","literature_reference":{"pmid":"21266071","authors":["Hu H","Bandyopadhyay PK","Olivera BM","Yandell M"],"citation":"BMC Genomics. 2011 Jan 25;12:60. doi: 10.1186/1471-2164-12-60.","journal":"BMC genomics","title":"Characterization of the Conus bullatus genome and its venom-duct transcriptome."},"venomkb_id":"G3307719","out_links":{"ncbi_genome":{"link":"https://www.ncbi.nlm.nih.gov/genome/10842","id":10842}},"species_ref":"S6678150"},{"_id":"59443ccd30ce5721ab13c66f","assembly_platform":"","annotation_score":5,"name":"Mesobuthus martensii complete genome","project_homepage":"http://lifecenter.sgst.cn/main/en/scorpion.jsp","literature_reference":{"pmid":"24129506","authors":["Cao Z","Yu Y","Wu Y","Hao P","Di Z","He Y","Chen Z","Yang W","Shen Z","He X","Sheng J","Xu X","Pan B","Feng J","Yang X","Hong W","Zhao W","Li Z","Huang K","Li T","Kong Y","Liu H","Jiang D","Zhang B","Hu J","Hu Y","Wang B","Dai J","Yuan B","Feng Y","Huang W","Xing X","Zhao G","Li X","Li Y","Li W"],"citation":"Nat Commun. 2013;4:2602. doi: 10.1038/ncomms3602.","journal":"Nature communications","title":"The genome of Mesobuthus martensii reveals a unique adaptation model of arthropods."},"venomkb_id":"G7259315","out_links":{"ncbi_genome":{"link":"https://www.ncbi.nlm.nih.gov/genome/14571","id":14571}},"species_ref":"S0822281"},{"_id":"59443ccd30ce5721ab13c670","assembly_platform":"","annotation_score":4,"name":"Stegodyphus mimosarum complete genome","project_homepage":"https://www.ncbi.nlm.nih.gov/bioproject/?term=PRJNA222714","literature_reference":{"pmid":"21266071","authors":["Hu H","Bandyopadhyay PK","Olivera BM","Yandell M"],"citation":"BMC Genomics. 2011 Jan 25;12:60. doi: 10.1186/1471-2164-12-60.","journal":"BMC genomics","title":"Characterization of the Conus bullatus genome and its venom-duct transcriptome."},"venomkb_id":"G5725214","out_links":{"ncbi_genome":{"link":"https://www.ncbi.nlm.nih.gov/genome/12925","id":12925}},"species_ref":""},{"_id":"59443ccd30ce5721ab13c671","assembly_platform":"","annotation_score":5,"name":"Nasonia vitripennis complete genome","project_homepage":"http://hymenopteragenome.org/nasonia/","literature_reference":{"pmid":"20075255","authors":["Werren JH","Richards S","Desjardins CA","Niehuis O","Gadau J","Colbourne JK","Werren JH","Richards S","Desjardins CA","Niehuis O","Gadau J","Colbourne JK","Beukeboom LW","Desplan C","Elsik CG","Grimmelikhuijzen CJ","Kitts P","Lynch JA","Murphy T","Oliveira DC","Smith CD","van de Zande L","Worley KC","Zdobnov EM","Aerts M","Albert S","Anaya VH","Anzola JM","Barchuk AR","Behura SK","Bera AN","Berenbaum MR","Bertossa RC","Bitondi MM","Bordenstein SR","Bork P","Bornberg-Bauer E","Brunain M","Cazzamali G","Chaboub L","Chacko J","Chavez D","Childers CP","Choi JH","Clark ME","Claudianos C","Clinton RA","Cree AG","Cristino AS","Dang PM","Darby AC","de Graaf DC","Devreese B","Dinh HH","Edwards R","Elango N","Elhaik E","Ermolaeva O","Evans JD","Foret S","Fowler GR","Gerlach D","Gibson JD","Gilbert DG","Graur D","Grunder S","Hagen DE","Han Y","Hauser F","Hultmark D","Hunter HC 4th","Hurst GD","Jhangian SN","Jiang H","Johnson RM","Jones AK","Junier T","Kadowaki T","Kamping A","Kapustin Y","Kechavarzi B","Kim J","Kim J","Kiryutin B","Koevoets T","Kovar CL","Kriventseva EV","Kucharski R","Lee H","Lee SL","Lees K","Lewis LR","Loehlin DW","Logsdon JM Jr","Lopez JA","Lozado RJ","Maglott D","Maleszka R","Mayampurath A","Mazur DJ","McClure MA","Moore AD","Morgan MB","Muller J","Munoz-Torres MC","Muzny DM","Nazareth LV","Neupert S","Nguyen NB","Nunes FM","Oakeshott JG","Okwuonu GO","Pannebakker BA","Pejaver VR","Peng Z","Pratt SC","Predel R","Pu LL","Ranson H","Raychoudhury R","Rechtsteiner A","Reese JT","Reid JG","Riddle M","Robertson HM","Romero-Severson J","Rosenberg M","Sackton TB","Sattelle DB","Schluns H","Schmitt T","Schneider M","Schuler A","Schurko AM","Shuker DM","Simoes ZL","Sinha S","Smith Z","Solovyev V","Souvorov A","Springauf A","Stafflinger E","Stage DE","Stanke M","Tanaka Y","Telschow A","Trent C","Vattathil S","Verhulst EC","Viljakainen L","Wanner KW","Waterhouse RM","Whitfield JB","Wilkes TE","Williamson M","Willis JH","Wolschin F","Wyder S","Yamada T","Yi SV","Zecher CN","Zhang L","Gibbs RA"],"citation":"Science. 2010 Jan 15;327(5963):343-8. doi: 10.1126/science.1178028.","journal":"Science (New York, N.Y.)","title":"Functional and evolutionary insights from the genomes of three parasitoid Nasonia species."},"venomkb_id":"G8125748","out_links":{"ncbi_genome":{"link":"https://www.ncbi.nlm.nih.gov/genome/449","id":449}},"species_ref":""}]