child,relation,parent
GO:0004252,is_a,GO:0004175
GO:0004252,is_a,GO:0008236
GO:0007599,is_a,GO:0050878
GO:0046434,is_a,GO:0019637
GO:0046434,is_a,GO:1901575
GO:0051046,is_a,GO:0051049
GO:0051046,regulates,GO:0046903
GO:0051047,positively_regulates,GO:0046903
GO:0051047,is_a,GO:0051046
GO:0051047,is_a,GO:0051050
GO:0051049,is_a,GO:0032879
GO:0051049,regulates,GO:0006810
GO:0007596,is_a,GO:0050817
GO:0007596,is_a,GO:0007599
GO:0007596,part_of,GO:0042060
GO:0033655,part_of,GO:0030430
GO:0033655,is_a,GO:0033646
GO:0009166,is_a,GO:1901292
GO:0009166,is_a,GO:0009117
GO:0003796,is_a,GO:0061783
GO:0003796,is_a,GO:0004553
GO:0002705,is_a,GO:0002699
GO:0002705,positively_regulates,GO:0002443
GO:0002705,is_a,GO:0002703
GO:0009165,is_a,GO:0009117
GO:0009165,is_a,GO:1901293
GO:0002703,is_a,GO:0002697
GO:0002703,regulates,GO:0002443
GO:0044281,is_a,GO:0008152
GO:0001507,is_a,GO:0006581
GO:0001507,part_of,GO:0007271
GO:0019220,is_a,GO:0051174
GO:0019220,regulates,GO:0006796
GO:0044325,is_a,GO:0005515
GO:0098772,part_of,GO:0065009
GO:0098772,is_a,GO:0003674
GO:0051715,is_a,GO:0019835
GO:0051715,is_a,GO:0044764
GO:0051715,is_a,GO:0031640
GO:0051716,is_a,GO:0050896
GO:0051716,is_a,GO:0009987
GO:0044492,is_a,GO:0044560
GO:0043207,is_a,GO:0009607
GO:0043207,is_a,GO:0009605
GO:0044551,is_a,GO:0044500
GO:0044553,is_a,GO:0035821
GO:0018212,is_a,GO:0018193
GO:0044555,is_a,GO:0010459
GO:0044555,is_a,GO:0044554
GO:0000166,is_a,GO:0036094
GO:0000166,is_a,GO:1901265
GO:0004713,part_of,GO:0018108
GO:0004713,is_a,GO:0004672
GO:0009190,is_a,GO:0009165
GO:0009190,is_a,GO:0009187
GO:0048585,is_a,GO:0048519
GO:0048585,negatively_regulates,GO:0050896
GO:0048585,is_a,GO:0048583
GO:0098662,is_a,GO:0098655
GO:0098662,is_a,GO:0098660
GO:0030594,is_a,GO:0038023
GO:0010605,is_a,GO:0060255
GO:0010605,is_a,GO:0009892
GO:0010605,negatively_regulates,GO:0043170
GO:0017171,is_a,GO:0016787
GO:0015849,is_a,GO:0071702
GO:0045859,is_a,GO:0001932
GO:0045859,is_a,GO:0043549
GO:0045859,regulates,GO:0004672
GO:0050832,is_a,GO:0009620
GO:0050832,is_a,GO:0098542
GO:0050830,is_a,GO:0042742
GO:0030550,is_a,GO:0030547
GO:0030550,is_a,GO:0030548
GO:0030550,negatively_regulates,GO:0015464
GO:0050678,is_a,GO:0042127
GO:0050678,regulates,GO:0050673
GO:0061783,is_a,GO:0003824
GO:0046483,is_a,GO:0044237
GO:0042325,regulates,GO:0016310
GO:0042325,is_a,GO:0019220
GO:0042327,is_a,GO:0042325
GO:0042327,positively_regulates,GO:0016310
GO:0042327,is_a,GO:0045937
GO:0044359,is_a,GO:0035821
GO:0044217,is_a,GO:0005575
GO:0044217,part_of,GO:0044215
GO:0044216,is_a,GO:0044217
GO:0009605,is_a,GO:0050896
GO:0019538,is_a,GO:0044238
GO:0019538,is_a,GO:1901564
GO:0019538,is_a,GO:0043170
GO:1900619,is_a,GO:0071704
GO:0016810,is_a,GO:0016787
GO:0044218,is_a,GO:0044279
GO:0044218,part_of,GO:0044216
GO:0017186,is_a,GO:0018199
GO:0072556,is_a,GO:0044218
GO:0051781,is_a,GO:0051302
GO:0051781,positively_regulates,GO:0051301
GO:0051781,is_a,GO:0048522
GO:0045822,negatively_regulates,GO:0060047
GO:0045822,is_a,GO:1903523
GO:0045822,is_a,GO:0008016
GO:0044424,is_a,GO:0044464
GO:0044424,part_of,GO:0005622
GO:0004623,is_a,GO:0004620
GO:0004623,is_a,GO:0052689
GO:0004620,is_a,GO:0016298
GO:0044421,is_a,GO:0005575
GO:0044421,part_of,GO:0005576
GO:0003993,is_a,GO:0016791
GO:0001505,is_a,GO:0065008
GO:0009896,is_a,GO:0009894
GO:0009896,positively_regulates,GO:0009056
GO:0009896,is_a,GO:0009893
GO:0009894,regulates,GO:0009056
GO:0009894,is_a,GO:0019222
GO:0009892,is_a,GO:0048519
GO:0009892,negatively_regulates,GO:0008152
GO:0009892,is_a,GO:0019222
GO:0009893,is_a,GO:0048518
GO:0009893,positively_regulates,GO:0008152
GO:0009893,is_a,GO:0019222
GO:0032412,regulates,GO:0015075
GO:0032412,is_a,GO:0034765
GO:0032412,is_a,GO:0022898
GO:0009891,positively_regulates,GO:0009058
GO:0009891,is_a,GO:0009889
GO:0009891,is_a,GO:0009893
GO:0060300,regulates,GO:0005125
GO:0060300,is_a,GO:1900120
GO:0032418,is_a,GO:0051640
GO:0001952,regulates,GO:0007160
GO:0001952,is_a,GO:0010810
GO:1903391,regulates,GO:0034332
GO:1903391,is_a,GO:0051128
GO:0005488,is_a,GO:0003674
GO:1903393,is_a,GO:0051130
GO:1903393,positively_regulates,GO:0034332
GO:1903393,is_a,GO:1903391
GO:1905030,part_of,GO:0060078
GO:1905030,is_a,GO:0005244
GO:0050789,regulates,GO:0008150
GO:0050789,is_a,GO:0065007
GO:1901265,is_a,GO:0097159
GO:1901265,is_a,GO:1901363
GO:0008191,negatively_regulates,GO:0004222
GO:0008191,is_a,GO:0004866
GO:0051656,is_a,GO:0051234
GO:0051656,is_a,GO:0051640
GO:0016603,is_a,GO:0016755
GO:0051346,is_a,GO:0051336
GO:0051346,negatively_regulates,GO:0016787
GO:0051346,is_a,GO:0043086
GO:0051345,is_a,GO:0051336
GO:0051345,positively_regulates,GO:0016787
GO:0051345,is_a,GO:0043085
GO:0010646,regulates,GO:0007154
GO:0010646,is_a,GO:0050794
GO:0006887,is_a,GO:0032940
GO:0006887,is_a,GO:0016192
GO:1901363,is_a,GO:0005488
GO:0002687,is_a,GO:0030335
GO:0002687,is_a,GO:0002685
GO:0002687,positively_regulates,GO:0050900
GO:0002687,is_a,GO:0002684
GO:0002684,positively_regulates,GO:0002376
GO:0002684,is_a,GO:0048518
GO:0002684,is_a,GO:0002682
GO:0002685,regulates,GO:0050900
GO:0002685,is_a,GO:0030334
GO:0002685,is_a,GO:0002682
GO:0002682,regulates,GO:0002376
GO:0002682,is_a,GO:0050789
GO:1901360,is_a,GO:0071704
GO:1903307,is_a,GO:0045921
GO:1903307,is_a,GO:1903305
GO:1903307,positively_regulates,GO:0045055
GO:0055085,is_a,GO:0006810
GO:1903305,regulates,GO:0045055
GO:1903305,is_a,GO:0017157
GO:1900116,is_a,GO:0009968
GO:1900116,is_a,GO:1900115
GO:1900115,is_a,GO:0009966
GO:0016787,is_a,GO:0003824
GO:0006629,is_a,GO:0044238
GO:0006629,is_a,GO:0071704
GO:0044559,is_a,GO:0044560
GO:0098609,is_a,GO:0007155
GO:0009889,regulates,GO:0009058
GO:0009889,is_a,GO:0019222
GO:0051240,is_a,GO:0048518
GO:0051240,positively_regulates,GO:0032501
GO:0051240,is_a,GO:0051239
GO:0044493,is_a,GO:0044492
GO:0016788,is_a,GO:0016787
GO:0009260,is_a,GO:0009165
GO:0009260,is_a,GO:0046390
GO:0009260,is_a,GO:0009259
GO:0043412,is_a,GO:0043170
GO:1903522,regulates,GO:0008015
GO:1903522,is_a,GO:0044057
GO:1903523,negatively_regulates,GO:0008015
GO:1903523,is_a,GO:0051241
GO:1903523,is_a,GO:1903522
GO:0002526,is_a,GO:0006954
GO:0035821,is_a,GO:0044419
GO:0016070,is_a,GO:0090304
GO:0016070,is_a,GO:0044260
GO:0016779,is_a,GO:0016772
GO:0019855,is_a,GO:0005246
GO:0019855,is_a,GO:0008200
GO:0019855,negatively_regulates,GO:0005262
GO:0016773,is_a,GO:0016772
GO:0016772,is_a,GO:0016740
GO:0002353,is_a,GO:0002254
GO:0030574,is_a,GO:0044243
GO:0030574,is_a,GO:0009056
GO:0030574,is_a,GO:0032963
GO:0007600,is_a,GO:0050877
GO:0004531,is_a,GO:0016889
GO:0015075,is_a,GO:0022891
GO:0015075,part_of,GO:0034220
GO:0005773,is_a,GO:0044444
GO:0005773,is_a,GO:0043231
GO:0015077,is_a,GO:0022890
GO:0015077,part_of,GO:0015672
GO:0036211,is_a,GO:0019538
GO:0036211,is_a,GO:0043412
GO:0070290,is_a,GO:0004620
GO:0070290,is_a,GO:0008081
GO:1901293,is_a,GO:0034654
GO:1901293,is_a,GO:0006753
GO:1901293,is_a,GO:0090407
GO:2001259,is_a,GO:0032414
GO:2001259,is_a,GO:2001257
GO:2001259,is_a,GO:1904064
GO:2001259,positively_regulates,GO:0005261
GO:2001257,regulates,GO:0005261
GO:2001257,is_a,GO:1904062
GO:2001257,is_a,GO:0032412
GO:0006753,is_a,GO:0019637
GO:0006753,is_a,GO:0006796
GO:0006753,is_a,GO:0055086
GO:0015079,is_a,GO:0046873
GO:0015079,is_a,GO:0015077
GO:0015079,part_of,GO:0071805
GO:0001871,is_a,GO:0005488
GO:0032553,is_a,GO:0097367
GO:0032553,is_a,GO:0000166
GO:0008270,is_a,GO:0046914
GO:0001907,is_a,GO:0044004
GO:0001907,is_a,GO:0051883
GO:0001775,is_a,GO:0009987
GO:0044554,is_a,GO:0002027
GO:0044554,is_a,GO:0044553
GO:0051128,regulates,GO:0016043
GO:0051128,is_a,GO:0050794
GO:0019871,negatively_regulates,GO:0005272
GO:0019871,is_a,GO:0017080
GO:0019871,is_a,GO:0008200
GO:0031224,is_a,GO:0044425
GO:0031225,is_a,GO:0031224
GO:1901681,is_a,GO:0005488
GO:0000287,is_a,GO:0046872
GO:0030810,positively_regulates,GO:0009165
GO:0030810,is_a,GO:0045981
GO:0030810,is_a,GO:0030808
GO:0030810,is_a,GO:0031328
GO:0005509,is_a,GO:0046872
GO:0048514,part_of,GO:0001568
GO:0048514,is_a,GO:0009653
GO:0005507,is_a,GO:0046914
GO:0015672,is_a,GO:0006812
GO:0008284,is_a,GO:0042127
GO:0008284,positively_regulates,GO:0008283
GO:0008284,is_a,GO:0048522
GO:0051336,regulates,GO:0016787
GO:0051336,is_a,GO:0050790
GO:0050878,is_a,GO:0065008
GO:0008283,is_a,GO:0008150
GO:0050877,is_a,GO:0003008
GO:0008324,is_a,GO:0015075
GO:0008324,part_of,GO:0098655
GO:0015929,is_a,GO:0004553
GO:0001558,is_a,GO:0040008
GO:0001558,regulates,GO:0016049
GO:0001558,is_a,GO:0051128
GO:0098542,is_a,GO:0006952
GO:0098542,is_a,GO:0051707
GO:0044259,is_a,GO:0043170
GO:0044259,is_a,GO:0044236
GO:0048519,negatively_regulates,GO:0008150
GO:0048519,is_a,GO:0050789
GO:0006897,is_a,GO:0016192
GO:0044255,is_a,GO:0006629
GO:0044255,is_a,GO:0044237
GO:0001932,is_a,GO:0042325
GO:0001932,regulates,GO:0006468
GO:0001932,is_a,GO:0031399
GO:0034329,is_a,GO:0034330
GO:0034329,is_a,GO:0022607
GO:0044468,is_a,GO:0035738
GO:0044469,is_a,GO:0044468
GO:0044469,is_a,GO:0044483
GO:0046872,is_a,GO:0043169
GO:0072511,is_a,GO:0006812
GO:0016853,is_a,GO:0003824
GO:0044464,is_a,GO:0005575
GO:0044464,part_of,GO:0005623
GO:0044465,is_a,GO:0051930
GO:0044465,is_a,GO:0035821
GO:0044500,is_a,GO:0044498
GO:0035737,is_a,GO:0051705
GO:0035738,is_a,GO:0035737
GO:1902305,regulates,GO:0035725
GO:1902305,is_a,GO:1904062
GO:1902305,is_a,GO:0002028
GO:0045921,is_a,GO:0017157
GO:0045921,positively_regulates,GO:0006887
GO:0045921,is_a,GO:1903532
GO:0045926,is_a,GO:0048519
GO:0045926,is_a,GO:0040008
GO:0045926,negatively_regulates,GO:0040007
GO:0060341,is_a,GO:0032879
GO:0060341,regulates,GO:0051641
GO:0031589,is_a,GO:0007155
GO:0018108,is_a,GO:0006468
GO:0018108,is_a,GO:0018212
GO:0042592,is_a,GO:0065008
GO:0022407,regulates,GO:0098609
GO:0022407,is_a,GO:0030155
GO:0061041,is_a,GO:1903034
GO:0061041,regulates,GO:0042060
GO:0071944,is_a,GO:0044464
GO:0008217,part_of,GO:0008015
GO:0008217,is_a,GO:0065008
GO:0061045,is_a,GO:0061041
GO:0061045,is_a,GO:0032102
GO:0061045,is_a,GO:1903035
GO:0061045,negatively_regulates,GO:0042060
GO:0007271,is_a,GO:0007268
GO:0008219,is_a,GO:0009987
GO:0002253,is_a,GO:0002376
GO:0002253,is_a,GO:0050778
GO:0007275,is_a,GO:0032501
GO:0007275,is_a,GO:0048856
GO:0051301,is_a,GO:0009987
GO:0005615,is_a,GO:0044421
GO:0051930,regulates,GO:0019233
GO:0051930,is_a,GO:0051931
GO:0051931,is_a,GO:0031644
GO:0051931,regulates,GO:0007600
GO:0009636,is_a,GO:0042221
GO:0017080,is_a,GO:0016247
GO:0017080,regulates,GO:0005272
GO:0051302,regulates,GO:0051301
GO:0051302,is_a,GO:0050794
GO:0043067,regulates,GO:0012501
GO:0043067,is_a,GO:0010941
GO:0015267,is_a,GO:0022803
GO:0022408,negatively_regulates,GO:0098609
GO:0022408,is_a,GO:0022407
GO:0022408,is_a,GO:0007162
GO:0010181,is_a,GO:0043168
GO:0010181,is_a,GO:0048037
GO:0010181,is_a,GO:0032553
GO:0019210,is_a,GO:0004857
GO:0019210,part_of,GO:0042326
GO:0019210,is_a,GO:0019207
GO:0019210,negatively_regulates,GO:0016301
GO:0006468,is_a,GO:0016310
GO:0006468,is_a,GO:0006464
GO:0006469,is_a,GO:0033673
GO:0006469,is_a,GO:0001933
GO:0006469,is_a,GO:0045859
GO:0006469,negatively_regulates,GO:0004672
GO:0019216,regulates,GO:0006629
GO:0019216,is_a,GO:0080090
GO:0019219,regulates,GO:0006139
GO:0019219,is_a,GO:0031323
GO:0019219,is_a,GO:0051171
GO:0019219,is_a,GO:0080090
GO:0045087,is_a,GO:0006952
GO:0045087,is_a,GO:0006955
GO:0006461,is_a,GO:0065003
GO:0006461,is_a,GO:0071822
GO:0006461,part_of,GO:0070271
GO:0080090,regulates,GO:0044238
GO:0080090,is_a,GO:0019222
GO:0006464,is_a,GO:0044267
GO:0006464,is_a,GO:0036211
GO:0000272,is_a,GO:0016052
GO:0000272,is_a,GO:0009057
GO:0000272,is_a,GO:0005976
GO:0010959,regulates,GO:0030001
GO:0010959,is_a,GO:0043269
GO:0044764,is_a,GO:0009987
GO:0044764,is_a,GO:0051704
GO:0090257,regulates,GO:0003012
GO:0090257,is_a,GO:0044057
GO:0010951,is_a,GO:0052548
GO:0010951,negatively_regulates,GO:0004175
GO:0010951,is_a,GO:0010466
GO:0044004,is_a,GO:0051818
GO:0044004,is_a,GO:0044003
GO:0010952,is_a,GO:0045862
GO:0010952,positively_regulates,GO:0008233
GO:0010952,is_a,GO:0051345
GO:0010952,is_a,GO:0052547
GO:0044003,is_a,GO:0051701
GO:0044003,is_a,GO:0051817
GO:0040011,is_a,GO:0008150
GO:0010459,is_a,GO:0002027
GO:0010459,is_a,GO:0045822
GO:0040012,regulates,GO:0040011
GO:0040012,is_a,GO:0050789
GO:0044164,is_a,GO:0033655
GO:0016638,is_a,GO:0016491
GO:0005044,is_a,GO:0038024
GO:0048856,is_a,GO:0032502
GO:0050994,is_a,GO:0009894
GO:0050994,regulates,GO:0016042
GO:0050994,is_a,GO:0019216
GO:0019693,is_a,GO:0019637
GO:0019693,is_a,GO:0006796
GO:0019693,is_a,GO:1901135
GO:0050996,is_a,GO:0009896
GO:0050996,is_a,GO:0045834
GO:0050996,is_a,GO:0050994
GO:0050996,positively_regulates,GO:0016042
GO:0005764,is_a,GO:0000323
GO:0022857,is_a,GO:0005215
GO:0022857,part_of,GO:0055085
GO:0070011,is_a,GO:0008233
GO:0006793,is_a,GO:0044237
GO:0006140,is_a,GO:0019219
GO:0006140,regulates,GO:0009117
GO:0006140,is_a,GO:0019220
GO:0051801,is_a,GO:0051715
GO:0051801,is_a,GO:0051883
GO:0048523,is_a,GO:0048519
GO:0048523,negatively_regulates,GO:0009987
GO:0048523,is_a,GO:0050794
GO:0048522,is_a,GO:0048518
GO:0048522,positively_regulates,GO:0009987
GO:0048522,is_a,GO:0050794
GO:0005267,is_a,GO:0005261
GO:0005267,is_a,GO:0015079
GO:0005267,part_of,GO:0071805
GO:0042133,is_a,GO:0001505
GO:0042133,is_a,GO:0044237
GO:0005261,is_a,GO:0005216
GO:0005261,is_a,GO:0008324
GO:0042135,is_a,GO:0044248
GO:0042135,is_a,GO:0042133
GO:0034111,negatively_regulates,GO:0034109
GO:0034111,is_a,GO:0022408
GO:0034111,is_a,GO:0034110
GO:0005262,part_of,GO:0070588
GO:0005262,is_a,GO:0005261
GO:0005262,is_a,GO:0015085
GO:1901890,is_a,GO:0051130
GO:1901890,is_a,GO:0044089
GO:1901890,positively_regulates,GO:0034329
GO:1901890,is_a,GO:1901888
GO:0007610,is_a,GO:0008150
GO:0007160,is_a,GO:0031589
GO:0007162,negatively_regulates,GO:0007155
GO:0007162,is_a,GO:0030155
GO:0007162,is_a,GO:0048523
GO:0003013,is_a,GO:0003008
GO:0003014,is_a,GO:0003008
GO:0007165,part_of,GO:0007154
GO:0007165,part_of,GO:0051716
GO:0007165,is_a,GO:0009987
GO:0007165,part_of,GO:0023052
GO:0007165,is_a,GO:0050794
GO:0003018,is_a,GO:0003013
GO:0016791,part_of,GO:0016311
GO:0016791,is_a,GO:0042578
GO:0031347,regulates,GO:0006952
GO:0031347,is_a,GO:0080134
GO:0005549,is_a,GO:0005488
GO:0045785,positively_regulates,GO:0007155
GO:0045785,is_a,GO:0048518
GO:0045785,is_a,GO:0030155
GO:0016021,is_a,GO:0031224
GO:0002263,is_a,GO:0001775
GO:0002263,part_of,GO:0006955
GO:0002263,is_a,GO:0002252
GO:0052652,is_a,GO:0009190
GO:0052652,is_a,GO:0006164
GO:0098869,is_a,GO:1990748
GO:0016740,is_a,GO:0003824
GO:0016741,is_a,GO:0016740
GO:0016746,is_a,GO:0016740
GO:0044093,is_a,GO:0065009
GO:0044093,positively_regulates,GO:0003674
GO:0044092,is_a,GO:0065009
GO:0044092,negatively_regulates,GO:0003674
GO:0001906,is_a,GO:0008150
GO:0033036,is_a,GO:0051179
GO:0004222,is_a,GO:0004175
GO:0004222,is_a,GO:0008237
GO:0006935,part_of,GO:0042221
GO:0006935,is_a,GO:0042330
GO:0051051,is_a,GO:0051049
GO:0051051,negatively_regulates,GO:0006810
GO:0051051,is_a,GO:0048519
GO:0051050,is_a,GO:0048518
GO:0051050,is_a,GO:0051049
GO:0051050,positively_regulates,GO:0006810
GO:0006939,is_a,GO:0006936
GO:0016160,is_a,GO:0004553
GO:0044358,is_a,GO:0035738
GO:1902653,is_a,GO:1902652
GO:1902653,is_a,GO:0046165
GO:1902652,is_a,GO:0006066
GO:0001515,is_a,GO:0005102
GO:0042326,is_a,GO:0042325
GO:0042326,negatively_regulates,GO:0016310
GO:0042326,is_a,GO:0045936
GO:0016894,is_a,GO:0004519
GO:0009607,is_a,GO:0050896
GO:0051701,is_a,GO:0044419
GO:0051701,part_of,GO:0044403
GO:0051707,is_a,GO:0043207
GO:0051707,is_a,GO:0051704
GO:0010033,is_a,GO:0042221
GO:0051705,is_a,GO:0007610
GO:0051705,is_a,GO:0051704
GO:0051704,is_a,GO:0008150
GO:0044215,is_a,GO:0005575
GO:0023057,is_a,GO:0048519
GO:0023057,negatively_regulates,GO:0023052
GO:0023057,is_a,GO:0023051
GO:0005829,part_of,GO:0005737
GO:0005829,is_a,GO:0044444
GO:0039694,is_a,GO:0019079
GO:1900373,positively_regulates,GO:0006164
GO:1900373,is_a,GO:1900544
GO:1900373,is_a,GO:0030810
GO:1900373,is_a,GO:1900371
GO:1900371,is_a,GO:1900542
GO:1900371,is_a,GO:0030808
GO:1900371,regulates,GO:0006164
GO:0004415,is_a,GO:0015929
GO:0016298,is_a,GO:0016788
GO:0004806,is_a,GO:0016298
GO:0004806,is_a,GO:0052689
GO:0099600,is_a,GO:0004872
GO:0099601,regulates,GO:0030594
GO:0099601,is_a,GO:0010469
GO:0016811,is_a,GO:0016810
GO:0004035,is_a,GO:0016791
GO:0001934,positively_regulates,GO:0006468
GO:0001934,is_a,GO:0031401
GO:0001934,is_a,GO:0042327
GO:0001934,is_a,GO:0001932
GO:0098655,is_a,GO:0006812
GO:0098655,is_a,GO:0034220
GO:0032963,is_a,GO:0044259
GO:0008253,is_a,GO:0008252
GO:0008252,is_a,GO:0016791
GO:0016817,is_a,GO:0016787
GO:0045321,is_a,GO:0002376
GO:0045321,is_a,GO:0001775
GO:0006807,is_a,GO:0008152
GO:0035792,is_a,GO:0044218
GO:0050829,is_a,GO:0042742
GO:0042311,is_a,GO:0097755
GO:0044242,is_a,GO:0044248
GO:0044242,is_a,GO:0044255
GO:0044242,is_a,GO:0016042
GO:1900047,is_a,GO:0048519
GO:1900047,is_a,GO:1900046
GO:1900047,negatively_regulates,GO:0007599
GO:0001562,is_a,GO:0051707
GO:0044267,is_a,GO:0019538
GO:0044267,is_a,GO:0044260
GO:0044243,is_a,GO:0044236
GO:0044262,is_a,GO:0005975
GO:0044262,is_a,GO:0044237
GO:0008083,is_a,GO:0005102
GO:0046914,is_a,GO:0046872
GO:0008081,is_a,GO:0042578
GO:0043300,is_a,GO:0002697
GO:0043300,regulates,GO:0043299
GO:0043300,is_a,GO:1903305
GO:0097164,is_a,GO:0006807
GO:0001568,is_a,GO:0048856
GO:0001568,part_of,GO:0001944
GO:0043303,is_a,GO:0002279
GO:0043303,is_a,GO:0046907
GO:0043303,is_a,GO:0032418
GO:0043303,part_of,GO:0002448
GO:0043303,is_a,GO:0043299
GO:0043303,is_a,GO:0051656
GO:0043304,is_a,GO:0043300
GO:0043304,is_a,GO:0032386
GO:0043304,regulates,GO:0043303
GO:0043304,is_a,GO:0002886
GO:0043304,is_a,GO:0033006
GO:0043306,is_a,GO:0032388
GO:0043306,is_a,GO:0043302
GO:0043306,positively_regulates,GO:0043303
GO:0043306,is_a,GO:0043304
GO:0043306,is_a,GO:0002888
GO:0043306,is_a,GO:0033008
GO:0023051,regulates,GO:0023052
GO:0023051,is_a,GO:0050789
GO:0033003,is_a,GO:0002694
GO:0033003,regulates,GO:0045576
GO:0002252,is_a,GO:0002376
GO:0044532,is_a,GO:0044531
GO:0044532,is_a,GO:0042981
GO:0004630,is_a,GO:0004620
GO:0004630,is_a,GO:0008081
GO:0044531,is_a,GO:0043067
GO:0044531,is_a,GO:0035821
GO:0044536,is_a,GO:0044483
GO:0044536,is_a,GO:0061754
GO:0044537,is_a,GO:0065008
GO:0033005,is_a,GO:0002696
GO:0033005,is_a,GO:0033003
GO:0033005,positively_regulates,GO:0045576
GO:0045055,is_a,GO:0006887
GO:0006581,is_a,GO:0008291
GO:0006581,is_a,GO:0042135
GO:0006581,is_a,GO:1901575
GO:0003008,is_a,GO:0032501
GO:0050790,regulates,GO:0003824
GO:0050790,is_a,GO:0065009
GO:0019318,is_a,GO:0005996
GO:0050794,regulates,GO:0009987
GO:0050794,is_a,GO:0050789
GO:0002888,is_a,GO:0002705
GO:0002888,positively_regulates,GO:0002444
GO:0002888,is_a,GO:0002886
GO:0019637,is_a,GO:0071704
GO:0019637,is_a,GO:0006793
GO:0003948,is_a,GO:0016811
GO:0051239,regulates,GO:0032501
GO:0051239,is_a,GO:0050789
GO:0044425,is_a,GO:0005575
GO:0044425,part_of,GO:0016020
GO:0060078,is_a,GO:0042391
GO:0051234,is_a,GO:0051179
GO:0090407,is_a,GO:0019637
GO:0090407,is_a,GO:1901576
GO:0002886,regulates,GO:0002444
GO:0002886,is_a,GO:0002703
GO:0022891,is_a,GO:0022857
GO:0022891,is_a,GO:0022892
GO:0022890,is_a,GO:0008324
GO:0022892,is_a,GO:0005215
GO:0042268,regulates,GO:0019835
GO:0042268,is_a,GO:0050794
GO:0071804,is_a,GO:0006813
GO:0071804,is_a,GO:0009987
GO:0022898,regulates,GO:0022857
GO:0022898,is_a,GO:0032409
GO:0022898,is_a,GO:0034762
GO:0050896,is_a,GO:0008150
GO:0006898,is_a,GO:0006897
GO:0046390,is_a,GO:1901137
GO:0046390,is_a,GO:0090407
GO:0046390,is_a,GO:0019693
GO:0090066,is_a,GO:0065008
GO:0051338,regulates,GO:0016740
GO:0051338,is_a,GO:0050790
GO:0003990,is_a,GO:0004104
GO:0002694,is_a,GO:0050865
GO:0002694,regulates,GO:0045321
GO:0002694,is_a,GO:0002682
GO:0002697,is_a,GO:0002682
GO:0002697,regulates,GO:0002252
GO:0002696,positively_regulates,GO:0045321
GO:0002696,is_a,GO:0050867
GO:0002696,is_a,GO:0002684
GO:0002696,is_a,GO:0002694
GO:2000145,regulates,GO:0048870
GO:2000145,is_a,GO:0051270
GO:2000145,is_a,GO:0040012
GO:2000147,is_a,GO:0051272
GO:2000147,is_a,GO:2000145
GO:2000147,is_a,GO:0040017
GO:2000147,positively_regulates,GO:0048870
GO:0046983,is_a,GO:0005515
GO:0042832,is_a,GO:0001562
GO:0042832,is_a,GO:0098542
GO:0002699,is_a,GO:0002684
GO:0002699,is_a,GO:0002697
GO:0002699,positively_regulates,GO:0002252
GO:0010562,is_a,GO:0051174
GO:0010562,is_a,GO:0031325
GO:0010562,positively_regulates,GO:0006793
GO:0032414,positively_regulates,GO:0015075
GO:0032414,is_a,GO:0034767
GO:0032414,is_a,GO:0032411
GO:0032414,is_a,GO:0032412
GO:0030547,part_of,GO:2000272
GO:0030547,negatively_regulates,GO:0004872
GO:0030547,is_a,GO:0030545
GO:0032102,is_a,GO:0048585
GO:0032102,negatively_regulates,GO:0009605
GO:0032102,is_a,GO:0032101
GO:0032103,is_a,GO:0048584
GO:0032103,positively_regulates,GO:0009605
GO:0032103,is_a,GO:0032101
GO:0070271,is_a,GO:0044085
GO:0051246,regulates,GO:0019538
GO:0051246,is_a,GO:0060255
GO:0051246,is_a,GO:0080090
GO:0051246,is_a,GO:0051171
GO:0051649,is_a,GO:0051234
GO:0051649,part_of,GO:0051641
GO:0009311,is_a,GO:0005975
GO:0016798,is_a,GO:0016787
GO:0051247,positively_regulates,GO:0019538
GO:0051247,is_a,GO:0051246
GO:0051247,is_a,GO:0010604
GO:0051247,is_a,GO:0051173
GO:0044364,is_a,GO:0035821
GO:0007045,is_a,GO:0034333
GO:0007045,is_a,GO:0007044
GO:0007044,is_a,GO:0034329
GO:0004859,negatively_regulates,GO:0004620
GO:0004859,is_a,GO:0055102
GO:1903530,regulates,GO:0032940
GO:1903530,is_a,GO:0051046
GO:1903530,is_a,GO:0050794
GO:0070887,is_a,GO:0042221
GO:0070887,is_a,GO:0051716
GO:1903532,positively_regulates,GO:0032940
GO:1903532,is_a,GO:0048522
GO:1903532,is_a,GO:1903530
GO:1903532,is_a,GO:0051047
GO:0050820,is_a,GO:0051240
GO:0050820,positively_regulates,GO:0050817
GO:0050820,is_a,GO:0050818
GO:0004857,negatively_regulates,GO:0003824
GO:0004857,is_a,GO:0030234
GO:0004857,part_of,GO:0043086
GO:0009259,is_a,GO:0009117
GO:0009259,is_a,GO:0019693
GO:0007049,is_a,GO:0009987
GO:0016491,is_a,GO:0003824
GO:0016491,part_of,GO:0055114
GO:0051248,negatively_regulates,GO:0019538
GO:0051248,is_a,GO:0051246
GO:0051248,is_a,GO:0010605
GO:0051248,is_a,GO:0051172
GO:0030548,is_a,GO:0099602
GO:0030548,regulates,GO:0015464
GO:0004528,is_a,GO:0004527
GO:0004528,is_a,GO:0008081
GO:0044057,is_a,GO:0051239
GO:0044057,regulates,GO:0003008
GO:0071805,is_a,GO:0098662
GO:0071805,is_a,GO:0071804
GO:0030545,is_a,GO:0098772
GO:0030545,part_of,GO:0010469
GO:0030545,regulates,GO:0004872
GO:0004527,is_a,GO:0004518
GO:0051241,is_a,GO:0048519
GO:0051241,negatively_regulates,GO:0032501
GO:0051241,is_a,GO:0051239
GO:0001944,is_a,GO:0048731
GO:0001944,part_of,GO:0072358
GO:0004520,is_a,GO:0004536
GO:0004520,is_a,GO:0004519
GO:0051179,is_a,GO:0008150
GO:0002027,is_a,GO:0065008
GO:0002027,is_a,GO:0008016
GO:0032409,regulates,GO:0005215
GO:0032409,is_a,GO:0065009
GO:0032409,is_a,GO:0051049
GO:0031399,is_a,GO:0032268
GO:0031399,regulates,GO:0006464
GO:0051641,is_a,GO:0051179
GO:1903034,is_a,GO:0080134
GO:1903034,regulates,GO:0009611
GO:1903035,is_a,GO:0048585
GO:1903035,is_a,GO:1903034
GO:1903035,negatively_regulates,GO:0009611
GO:0002028,is_a,GO:0010959
GO:0002028,regulates,GO:0006814
GO:0010765,is_a,GO:0043270
GO:0010765,is_a,GO:0002028
GO:0010765,positively_regulates,GO:0006814
GO:0016126,is_a,GO:0016125
GO:0016126,is_a,GO:0006694
GO:0016126,is_a,GO:1901617
GO:0016125,is_a,GO:0008202
GO:0016125,is_a,GO:1901615
GO:0044398,is_a,GO:0035738
GO:0051272,is_a,GO:0051270
GO:0051272,positively_regulates,GO:0006928
GO:0051272,is_a,GO:0048522
GO:0008200,negatively_regulates,GO:0005216
GO:0008200,is_a,GO:0016248
GO:0008200,is_a,GO:0099106
GO:0005215,part_of,GO:0006810
GO:0005215,is_a,GO:0003674
GO:0005216,is_a,GO:0015075
GO:0005216,is_a,GO:0022838
GO:0043270,positively_regulates,GO:0006811
GO:0043270,is_a,GO:0043269
GO:0043270,is_a,GO:0051050
GO:0043271,negatively_regulates,GO:0006811
GO:0043271,is_a,GO:0043269
GO:0043271,is_a,GO:0051051
GO:0051270,is_a,GO:0032879
GO:0051270,regulates,GO:0006928
GO:0051270,is_a,GO:0050794
GO:0009405,is_a,GO:0044419
GO:0070838,is_a,GO:0072511
GO:0070838,is_a,GO:0030001
GO:0040017,positively_regulates,GO:0040011
GO:0040017,is_a,GO:0048518
GO:0040017,is_a,GO:0040012
GO:0044562,is_a,GO:0044559
GO:1901137,is_a,GO:1901576
GO:1901137,is_a,GO:1901135
GO:0030804,positively_regulates,GO:0009190
GO:0030804,is_a,GO:0030801
GO:0030804,is_a,GO:0030810
GO:0030804,is_a,GO:0030802
GO:1904064,is_a,GO:0034767
GO:1904064,is_a,GO:1904062
GO:1904064,positively_regulates,GO:0098655
GO:0044485,is_a,GO:0044536
GO:1904062,is_a,GO:0034765
GO:1904062,regulates,GO:0098655
GO:0030802,is_a,GO:0030799
GO:0030802,regulates,GO:0009190
GO:0030802,is_a,GO:0030808
GO:0035809,is_a,GO:0003014
GO:0035809,is_a,GO:0050878
GO:1903036,is_a,GO:0048584
GO:1903036,is_a,GO:1903034
GO:1903036,positively_regulates,GO:0009611
GO:0005515,is_a,GO:0005488
GO:0048731,is_a,GO:0048856
GO:0048731,part_of,GO:0007275
GO:0005102,is_a,GO:0005515
GO:0035806,is_a,GO:0030193
GO:0035806,is_a,GO:0035821
GO:0035807,is_a,GO:0035806
GO:0035807,is_a,GO:0030194
GO:0004177,is_a,GO:0008238
GO:0004175,is_a,GO:0070011
GO:0043302,is_a,GO:0043300
GO:0043302,is_a,GO:1903307
GO:0043302,positively_regulates,GO:0043299
GO:0043302,is_a,GO:0002699
GO:0050865,regulates,GO:0001775
GO:0050865,is_a,GO:0050794
GO:0034332,is_a,GO:0045216
GO:0050867,is_a,GO:0050865
GO:0050867,positively_regulates,GO:0001775
GO:0050867,is_a,GO:0048522
GO:0050866,is_a,GO:0050865
GO:0050866,negatively_regulates,GO:0001775
GO:0050866,is_a,GO:0048523
GO:0030247,is_a,GO:0030246
GO:0030247,is_a,GO:0001871
GO:0030246,is_a,GO:0005488
GO:0061754,is_a,GO:0044537
GO:0008047,positively_regulates,GO:0003824
GO:0008047,is_a,GO:0030234
GO:0008047,part_of,GO:0043085
GO:0048041,part_of,GO:0007160
GO:0048041,is_a,GO:0007045
GO:0072521,is_a,GO:1901564
GO:0072521,is_a,GO:0034641
GO:0072521,is_a,GO:0006725
GO:0072521,is_a,GO:1901360
GO:0072521,is_a,GO:0046483
GO:0072522,is_a,GO:0044271
GO:0072522,is_a,GO:1901566
GO:0072522,is_a,GO:0072521
GO:0072522,is_a,GO:0019438
GO:0072522,is_a,GO:1901362
GO:0072522,is_a,GO:0018130
GO:0001525,part_of,GO:0048514
GO:0001525,is_a,GO:0048646
GO:1903963,is_a,GO:0071715
GO:1903963,is_a,GO:0015909
GO:0006066,is_a,GO:0044281
GO:0006066,is_a,GO:1901615
GO:0000746,is_a,GO:0044764
GO:0045216,is_a,GO:0034330
GO:0097755,is_a,GO:0097746
GO:0044477,is_a,GO:0044365
GO:0019870,negatively_regulates,GO:0005267
GO:0019870,is_a,GO:0008200
GO:0019870,is_a,GO:0015459
GO:0044475,is_a,GO:0044474
GO:0044474,is_a,GO:0044473
GO:0044473,is_a,GO:0044472
GO:0006796,is_a,GO:0006793
GO:0004185,is_a,GO:0070008
GO:0004185,is_a,GO:0004180
GO:0035725,is_a,GO:0098662
GO:0035725,is_a,GO:0006814
GO:2000021,regulates,GO:0050801
GO:2000021,is_a,GO:0032844
GO:0097659,is_a,GO:0032774
GO:0016248,is_a,GO:0016247
GO:0016248,negatively_regulates,GO:0015267
GO:0016247,is_a,GO:0098772
GO:0016247,regulates,GO:0015267
GO:0004771,is_a,GO:0016298
GO:0004771,is_a,GO:0052689
GO:0045933,is_a,GO:0051240
GO:0045933,positively_regulates,GO:0006936
GO:0045933,is_a,GO:0006937
GO:0045932,is_a,GO:0051241
GO:0045932,negatively_regulates,GO:0006936
GO:0045932,is_a,GO:0006937
GO:0045935,is_a,GO:0019219
GO:0045935,positively_regulates,GO:0006139
GO:0045935,is_a,GO:0031325
GO:0045935,is_a,GO:0051173
GO:0045937,positively_regulates,GO:0006796
GO:0045937,is_a,GO:0019220
GO:0045937,is_a,GO:0010562
GO:0052547,is_a,GO:0051336
GO:0052547,regulates,GO:0008233
GO:0052547,is_a,GO:0030162
GO:0052548,regulates,GO:0004175
GO:0052548,is_a,GO:0052547
GO:0010811,is_a,GO:0010810
GO:0010811,positively_regulates,GO:0031589
GO:0010811,is_a,GO:0045785
GO:0061135,part_of,GO:0052548
GO:0061135,regulates,GO:0004175
GO:0061135,is_a,GO:0061134
GO:0061134,regulates,GO:0008233
GO:0061134,is_a,GO:0030234
GO:0061134,part_of,GO:0052547
GO:0030430,is_a,GO:0033646
GO:0007268,is_a,GO:0098916
GO:0007267,is_a,GO:0007154
GO:0007267,is_a,GO:0023052
GO:0035296,is_a,GO:0035150
GO:0008613,is_a,GO:0005179
GO:0002279,is_a,GO:0002275
GO:0002279,part_of,GO:0006955
GO:0002279,is_a,GO:0045576
GO:0008610,is_a,GO:1901576
GO:0008610,is_a,GO:0006629
GO:0032411,positively_regulates,GO:0005215
GO:0032411,is_a,GO:0032409
GO:0032411,is_a,GO:0044093
GO:0032411,is_a,GO:0051050
GO:0044238,is_a,GO:0008152
GO:0005975,is_a,GO:0044238
GO:0005975,is_a,GO:0071704
GO:0051883,is_a,GO:0051818
GO:0051883,is_a,GO:0031640
GO:0009620,is_a,GO:0051707
GO:0044237,is_a,GO:0009987
GO:0044237,is_a,GO:0008152
GO:0051920,is_a,GO:0016209
GO:0051920,is_a,GO:0016684
GO:0043299,is_a,GO:0002252
GO:0043299,is_a,GO:0045055
GO:0006259,is_a,GO:0090304
GO:0006259,is_a,GO:0044260
GO:0044403,is_a,GO:0044419
GO:0008291,is_a,GO:0097164
GO:0008291,is_a,GO:0042133
GO:0008291,is_a,GO:1900619
GO:0051348,negatively_regulates,GO:0016740
GO:0051348,is_a,GO:0043086
GO:0051348,is_a,GO:0051338
GO:0032388,is_a,GO:0032386
GO:0032388,positively_regulates,GO:0046907
GO:0032388,is_a,GO:0051050
GO:0065008,is_a,GO:0065007
GO:0019222,is_a,GO:0050789
GO:0019222,regulates,GO:0008152
GO:0050679,is_a,GO:0008284
GO:0050679,is_a,GO:0050678
GO:0050679,positively_regulates,GO:0050673
GO:0032386,is_a,GO:0051049
GO:0032386,regulates,GO:0046907
GO:0032386,is_a,GO:0060341
GO:0048584,is_a,GO:0048518
GO:0048584,positively_regulates,GO:0050896
GO:0048584,is_a,GO:0048583
GO:0048583,regulates,GO:0050896
GO:0048583,is_a,GO:0050789
GO:0019229,regulates,GO:0042310
GO:0019229,is_a,GO:1903522
GO:0019229,is_a,GO:0097746
GO:0042629,is_a,GO:0005764
GO:0060089,is_a,GO:0003674
GO:0072359,is_a,GO:0048731
GO:0072358,is_a,GO:0048731
GO:0072358,part_of,GO:0072359
GO:0045987,positively_regulates,GO:0006939
GO:0045987,is_a,GO:0045933
GO:0045987,is_a,GO:0006940
GO:1901362,is_a,GO:1901576
GO:1901362,is_a,GO:1901360
GO:0045981,is_a,GO:0006140
GO:0045981,positively_regulates,GO:0009117
GO:0045981,is_a,GO:0045937
GO:0045981,is_a,GO:0045935
GO:0030054,is_a,GO:0005575
GO:1901361,is_a,GO:1901575
GO:1901361,is_a,GO:1901360
GO:0015085,is_a,GO:0046873
GO:0015085,part_of,GO:0070588
GO:0015085,is_a,GO:0072509
GO:0007218,is_a,GO:0007186
GO:0015081,is_a,GO:0015077
GO:0015081,is_a,GO:0046873
GO:0015081,part_of,GO:0035725
GO:0009968,is_a,GO:0009966
GO:0009968,is_a,GO:0023057
GO:0009968,is_a,GO:0048585
GO:0009968,negatively_regulates,GO:0007165
GO:0009968,is_a,GO:0010648
GO:0009966,is_a,GO:0010646
GO:0009966,is_a,GO:0048583
GO:0009966,regulates,GO:0007165
GO:0009966,is_a,GO:0023051
GO:0048869,is_a,GO:0032502
GO:0048869,is_a,GO:0009987
GO:0071840,is_a,GO:0008150
GO:0034110,regulates,GO:0034109
GO:0034110,is_a,GO:0022407
GO:0043656,is_a,GO:0033643
GO:0045919,positively_regulates,GO:0019835
GO:0045919,is_a,GO:0042268
GO:0045919,is_a,GO:0048522
GO:0043655,part_of,GO:0018995
GO:0043655,is_a,GO:0044217
GO:0043655,is_a,GO:0044421
GO:0019058,is_a,GO:0016032
GO:0051817,part_of,GO:0044403
GO:0051817,is_a,GO:0035821
GO:0055086,is_a,GO:0006139
GO:0055086,is_a,GO:0044281
GO:0048518,positively_regulates,GO:0008150
GO:0048518,is_a,GO:0050789
GO:0070008,is_a,GO:0008238
GO:0070008,is_a,GO:0008236
GO:0046873,is_a,GO:0022890
GO:0046873,part_of,GO:0030001
GO:0051818,is_a,GO:0051817
GO:0051818,is_a,GO:0044364
GO:0042127,regulates,GO:0008283
GO:0042127,is_a,GO:0050794
GO:1902307,is_a,GO:1902305
GO:1902307,positively_regulates,GO:0035725
GO:1902307,is_a,GO:1904064
GO:1902307,is_a,GO:0010765
GO:0001938,positively_regulates,GO:0001935
GO:0001938,is_a,GO:0050679
GO:0001938,is_a,GO:0001936
GO:0015718,is_a,GO:0046942
GO:1901888,is_a,GO:0044087
GO:1901888,regulates,GO:0034329
GO:1901888,is_a,GO:0051128
GO:0015711,is_a,GO:0006820
GO:0015711,is_a,GO:0071702
GO:1990748,is_a,GO:0009987
GO:1990748,is_a,GO:0098754
GO:0055114,is_a,GO:0008152
GO:0030808,is_a,GO:0006140
GO:0030808,regulates,GO:0009165
GO:0030808,is_a,GO:0031326
GO:0032259,is_a,GO:0008152
GO:1901564,is_a,GO:0071704
GO:1901564,is_a,GO:0006807
GO:0016192,is_a,GO:0006810
GO:1901566,is_a,GO:1901576
GO:1901566,is_a,GO:1901564
GO:0045576,is_a,GO:0002274
GO:0050731,is_a,GO:0050730
GO:0050731,is_a,GO:0001934
GO:0050731,positively_regulates,GO:0018108
GO:0050730,is_a,GO:0001932
GO:0050730,regulates,GO:0018108
GO:0002275,is_a,GO:0002274
GO:0002275,is_a,GO:0002366
GO:0002274,is_a,GO:0045321
GO:0016052,is_a,GO:1901575
GO:0016052,is_a,GO:0005975
GO:0003012,is_a,GO:0003008
GO:0050900,is_a,GO:0002376
GO:0050900,is_a,GO:0016477
GO:0002376,is_a,GO:0008150
GO:0004555,is_a,GO:0015927
GO:0004556,is_a,GO:0016160
GO:0098916,is_a,GO:0099537
GO:0016755,is_a,GO:0016746
GO:0004551,is_a,GO:0016462
GO:0033006,is_a,GO:0033003
GO:0033006,is_a,GO:0002699
GO:0033006,is_a,GO:0050776
GO:0033006,regulates,GO:0002279
GO:0004553,is_a,GO:0016798
GO:0033008,positively_regulates,GO:0002279
GO:0033008,is_a,GO:0050778
GO:0033008,is_a,GO:0033006
GO:0033008,is_a,GO:0033005
GO:0018130,is_a,GO:0044249
GO:0018130,is_a,GO:0046483
GO:1901135,is_a,GO:0071704
GO:0003015,is_a,GO:0003013
GO:0033673,is_a,GO:0051348
GO:0033673,is_a,GO:0042326
GO:0033673,is_a,GO:0043549
GO:0033673,negatively_regulates,GO:0016301
GO:0042391,is_a,GO:0065008
GO:0022607,part_of,GO:0044085
GO:0022607,is_a,GO:0016043
GO:0099106,is_a,GO:0016247
GO:0099106,regulates,GO:0005216
GO:0099106,regulates,GO:0015267
GO:0030801,is_a,GO:0030799
GO:0030801,positively_regulates,GO:0009187
GO:0030801,is_a,GO:0045981
GO:0004622,is_a,GO:0004620
GO:0004622,is_a,GO:0052689
GO:0044472,is_a,GO:0044560
GO:0006928,is_a,GO:0009987
GO:0051893,regulates,GO:0048041
GO:0051893,is_a,GO:1903391
GO:0051893,is_a,GO:0001952
GO:0051893,is_a,GO:0090109
GO:0043229,is_a,GO:0044424
GO:0043229,is_a,GO:0043226
GO:0043229,part_of,GO:0005622
GO:0051674,is_a,GO:0051179
GO:0005623,is_a,GO:0005575
GO:0003676,is_a,GO:0097159
GO:0003676,is_a,GO:1901363
GO:0003677,is_a,GO:0003676
GO:0016889,is_a,GO:0004520
GO:0016889,is_a,GO:0016894
GO:0008168,is_a,GO:0016741
GO:0008168,part_of,GO:0032259
GO:0005622,is_a,GO:0044464
GO:0042981,is_a,GO:0043067
GO:0042981,regulates,GO:0006915
GO:0043226,is_a,GO:0005575
GO:0097756,is_a,GO:0097746
GO:0019835,is_a,GO:0009987
GO:0019834,negatively_regulates,GO:0004623
GO:0019834,is_a,GO:0004859
GO:0019836,is_a,GO:0001897
GO:0019836,is_a,GO:0052331
GO:0043933,is_a,GO:0016043
GO:0019887,part_of,GO:0045859
GO:0019887,is_a,GO:0019207
GO:0019887,regulates,GO:0004672
GO:0019838,is_a,GO:0005515
GO:0090109,regulates,GO:0007044
GO:0090109,is_a,GO:1901888
GO:1900046,regulates,GO:0007599
GO:1900046,is_a,GO:0050789
GO:1900046,is_a,GO:0050878
GO:0071715,is_a,GO:1901571
GO:0071715,is_a,GO:0046942
GO:0005520,is_a,GO:0019838
GO:0016477,is_a,GO:0048870
GO:1900048,is_a,GO:0048518
GO:1900048,is_a,GO:1900046
GO:1900048,positively_regulates,GO:0007599
GO:0048646,is_a,GO:0032502
GO:0048646,part_of,GO:0009653
GO:0005516,is_a,GO:0005515
GO:0035150,is_a,GO:0090066
GO:0006810,is_a,GO:0051234
GO:0015909,is_a,GO:0015908
GO:0015908,is_a,GO:0015718
GO:0015908,is_a,GO:0006869
GO:0006813,is_a,GO:0030001
GO:0006813,is_a,GO:0015672
GO:0006812,is_a,GO:0006811
GO:0006811,is_a,GO:0006810
GO:0016301,part_of,GO:0016310
GO:0016301,is_a,GO:0016772
GO:0006816,is_a,GO:0070838
GO:0046700,is_a,GO:0044248
GO:0046700,is_a,GO:0046483
GO:0006952,is_a,GO:0006950
GO:0003824,is_a,GO:0003674
GO:0043900,is_a,GO:0050789
GO:0043900,regulates,GO:0051704
GO:0050817,is_a,GO:0032501
GO:0006956,is_a,GO:0002252
GO:0006956,is_a,GO:0006959
GO:0006956,is_a,GO:0002253
GO:0006956,is_a,GO:0072376
GO:0006954,is_a,GO:0006952
GO:0006955,is_a,GO:0002376
GO:0006955,is_a,GO:0050896
GO:0034654,is_a,GO:0006139
GO:0034654,is_a,GO:0018130
GO:0034654,is_a,GO:0044271
GO:0034654,is_a,GO:1901362
GO:0034654,is_a,GO:0019438
GO:0034655,is_a,GO:0019439
GO:0034655,is_a,GO:0006139
GO:0034655,is_a,GO:0046700
GO:0034655,is_a,GO:0044270
GO:0034655,is_a,GO:1901361
GO:0006814,is_a,GO:0030001
GO:0006814,is_a,GO:0015672
GO:0050818,regulates,GO:0050817
GO:0050818,is_a,GO:0051239
GO:0050819,is_a,GO:0051241
GO:0050819,is_a,GO:0050818
GO:0050819,negatively_regulates,GO:0050817
GO:0006182,is_a,GO:0046068
GO:0006182,is_a,GO:0009152
GO:0006182,is_a,GO:0052652
GO:0048019,is_a,GO:0005102
GO:0048019,is_a,GO:0030547
GO:0048019,part_of,GO:1900116
GO:0046903,is_a,GO:0006810
GO:0044271,is_a,GO:0044249
GO:0044271,is_a,GO:0034641
GO:0051607,is_a,GO:0009615
GO:0051607,is_a,GO:0098542
GO:0051607,is_a,GO:0002252
GO:0046907,is_a,GO:0006810
GO:0046907,is_a,GO:0051649
GO:0046907,is_a,GO:0051641
GO:0012501,is_a,GO:0008219
GO:0097159,is_a,GO:0005488
GO:0080134,regulates,GO:0006950
GO:0080134,is_a,GO:0048583
GO:0031401,is_a,GO:0032270
GO:0031401,positively_regulates,GO:0006464
GO:0031401,is_a,GO:0031399
GO:0044279,is_a,GO:0044217
GO:0006950,is_a,GO:0050896
GO:0034109,is_a,GO:0098609
GO:0044444,part_of,GO:0005737
GO:0044444,is_a,GO:0044424
GO:0009615,is_a,GO:0051707
GO:0004601,is_a,GO:0016209
GO:0004601,is_a,GO:0016684
GO:0099536,is_a,GO:0007267
GO:0099537,is_a,GO:0099536
GO:0016020,is_a,GO:0005575
GO:0000323,is_a,GO:0005773
GO:0032774,is_a,GO:0016070
GO:0032774,is_a,GO:0034654
GO:0032774,is_a,GO:0009059
GO:0030155,regulates,GO:0007155
GO:0030155,is_a,GO:0050789
GO:0030154,is_a,GO:0048869
GO:0005996,is_a,GO:0005975
GO:0005996,is_a,GO:0044281
GO:0042578,is_a,GO:0016788
GO:0008238,is_a,GO:0070011
GO:0060047,part_of,GO:0008015
GO:0060047,is_a,GO:0003015
GO:0010563,is_a,GO:0051174
GO:0010563,is_a,GO:0031324
GO:0010563,negatively_regulates,GO:0006793
GO:1905150,is_a,GO:0042391
GO:1905150,regulates,GO:0005248
GO:1905150,is_a,GO:2001257
GO:1905150,is_a,GO:2000649
GO:1905152,positively_regulates,GO:0005248
GO:1905152,is_a,GO:2000651
GO:1905152,is_a,GO:1905150
GO:1905152,is_a,GO:2001259
GO:0030001,is_a,GO:0006812
GO:0008233,part_of,GO:0006508
GO:0008233,is_a,GO:0016787
GO:0008234,is_a,GO:0070011
GO:0008237,is_a,GO:0070011
GO:0008236,is_a,GO:0070011
GO:0008236,is_a,GO:0017171
GO:0005737,is_a,GO:0044424
GO:0043169,is_a,GO:0043167
GO:0006959,is_a,GO:0006955
GO:0005984,is_a,GO:0044262
GO:0005984,is_a,GO:0009311
GO:0043167,is_a,GO:0005488
GO:0034333,is_a,GO:0034332
GO:0034333,is_a,GO:0034329
GO:0032270,positively_regulates,GO:0044267
GO:0032270,is_a,GO:0031325
GO:0032270,is_a,GO:0032268
GO:0032270,is_a,GO:0051247
GO:0006508,is_a,GO:0019538
GO:0051918,is_a,GO:0051917
GO:0051918,negatively_regulates,GO:0042730
GO:0051918,is_a,GO:0030194
GO:0051918,is_a,GO:0032103
GO:0051918,is_a,GO:0048519
GO:0017157,regulates,GO:0006887
GO:0017157,is_a,GO:1903530
GO:0017157,is_a,GO:0060627
GO:0032502,is_a,GO:0008150
GO:0006644,is_a,GO:0019637
GO:0006644,is_a,GO:0044255
GO:0006644,is_a,GO:0006796
GO:0034330,is_a,GO:0016043
GO:0015459,regulates,GO:0005267
GO:0015459,is_a,GO:0099106
GO:0009987,is_a,GO:0008150
GO:0006725,is_a,GO:0044237
GO:0060627,is_a,GO:0051049
GO:0060627,regulates,GO:0016192
GO:0060627,is_a,GO:0050794
GO:0004860,is_a,GO:0019210
GO:0004860,negatively_regulates,GO:0004672
GO:0004860,part_of,GO:0006469
GO:0004860,negatively_regulates,GO:0004713
GO:0004860,is_a,GO:0019887
GO:0090330,is_a,GO:0034110
GO:0090330,is_a,GO:0010543
GO:0090330,regulates,GO:0070527
GO:0032870,is_a,GO:0071495
GO:0032870,is_a,GO:0009725
GO:0032870,is_a,GO:0071310
GO:0004866,part_of,GO:0010951
GO:0004866,is_a,GO:0061135
GO:0004866,negatively_regulates,GO:0004175
GO:0004866,is_a,GO:0030414
GO:0004867,negatively_regulates,GO:0004252
GO:0004867,is_a,GO:0004866
GO:0030799,is_a,GO:0006140
GO:0030799,regulates,GO:0009187
GO:0004869,negatively_regulates,GO:0008234
GO:0004869,is_a,GO:0004866
GO:0032879,regulates,GO:0051179
GO:0032879,is_a,GO:0050789
GO:0044270,is_a,GO:0044248
GO:0044270,is_a,GO:0034641
GO:0050776,is_a,GO:0002682
GO:0050776,is_a,GO:0048583
GO:0050776,regulates,GO:0006955
GO:0005184,is_a,GO:0005179
GO:0005185,is_a,GO:0005184
GO:0004518,part_of,GO:0090305
GO:0004518,is_a,GO:0016788
GO:0004519,is_a,GO:0004518
GO:0042310,is_a,GO:0097756
GO:0001954,positively_regulates,GO:0007160
GO:0001954,is_a,GO:0010811
GO:0001954,is_a,GO:0001952
GO:0050778,is_a,GO:0002684
GO:0050778,is_a,GO:0048584
GO:0050778,is_a,GO:0050776
GO:0050778,positively_regulates,GO:0006955
GO:0003254,is_a,GO:0042391
GO:0003254,regulates,GO:0051899
GO:0003254,is_a,GO:2000021
GO:0003254,is_a,GO:0050794
GO:0050673,is_a,GO:0008283
GO:0022832,part_of,GO:0051049
GO:0022832,is_a,GO:0022836
GO:0022836,is_a,GO:0015267
GO:0006006,is_a,GO:0019318
GO:0022838,is_a,GO:0022891
GO:0022838,is_a,GO:0015267
GO:0031400,is_a,GO:0032269
GO:0031400,negatively_regulates,GO:0006464
GO:0031400,is_a,GO:0031399
GO:0045202,is_a,GO:0005575
GO:0009187,is_a,GO:0009117
GO:0001935,is_a,GO:0050673
GO:0043267,negatively_regulates,GO:0006813
GO:0043267,is_a,GO:0043266
GO:0043267,is_a,GO:0043271
GO:0043266,regulates,GO:0006813
GO:0043266,is_a,GO:0010959
GO:0043269,is_a,GO:0051049
GO:0043269,regulates,GO:0006811
GO:0010941,regulates,GO:0008219
GO:0010941,is_a,GO:0050794
GO:0006936,is_a,GO:0003012
GO:0006937,is_a,GO:0090257
GO:0006937,regulates,GO:0006936
GO:0032101,is_a,GO:0048583
GO:0032101,regulates,GO:0009605
GO:0004465,is_a,GO:0004806
GO:0071310,is_a,GO:0010033
GO:0071310,is_a,GO:0070887
GO:0071702,is_a,GO:0006810
GO:0035810,is_a,GO:0035809
GO:0050660,is_a,GO:0043168
GO:0050660,is_a,GO:0050662
GO:0050660,is_a,GO:0000166
GO:0016209,part_of,GO:0098869
GO:0016209,is_a,GO:0003674
GO:0006694,is_a,GO:1901362
GO:0006694,is_a,GO:0008202
GO:0006694,is_a,GO:0008610
GO:0030335,is_a,GO:0030334
GO:0030335,positively_regulates,GO:0016477
GO:0030335,is_a,GO:2000147
GO:0030334,regulates,GO:0016477
GO:0030334,is_a,GO:2000145
GO:0007589,is_a,GO:0046903
GO:0007589,is_a,GO:0050878
GO:0033643,is_a,GO:0044217
GO:0033643,part_of,GO:0043657
GO:0030234,regulates,GO:0003824
GO:0030234,is_a,GO:0098772
GO:0030234,part_of,GO:0050790
GO:0006915,is_a,GO:0012501
GO:0033646,is_a,GO:0033643
GO:0033646,part_of,GO:0043656
GO:0033644,is_a,GO:0033643
GO:0033644,is_a,GO:0044218
GO:0051174,is_a,GO:0031323
GO:0051174,regulates,GO:0006793
GO:0034220,is_a,GO:0006811
GO:0034220,is_a,GO:0055085
GO:0009058,is_a,GO:0008152
GO:0009059,is_a,GO:1901576
GO:0009059,is_a,GO:0043170
GO:0009117,is_a,GO:0006753
GO:0051171,regulates,GO:0006807
GO:0051171,is_a,GO:0019222
GO:0051172,negatively_regulates,GO:0006807
GO:0051172,is_a,GO:0009892
GO:0051172,is_a,GO:0051171
GO:0051173,positively_regulates,GO:0006807
GO:0051173,is_a,GO:0009893
GO:0051173,is_a,GO:0051171
GO:0000771,is_a,GO:0098610
GO:0000771,part_of,GO:0000746
GO:0009056,is_a,GO:0008152
GO:0009057,is_a,GO:1901575
GO:0009057,is_a,GO:0043170
GO:0051640,is_a,GO:0051641
GO:0046942,is_a,GO:0015849
GO:0046942,is_a,GO:0015711
GO:0008970,is_a,GO:0004620
GO:0008970,is_a,GO:0052689
GO:0044483,is_a,GO:0035738
GO:0044481,is_a,GO:0035738
GO:0044487,is_a,GO:0035738
GO:0044484,is_a,GO:0044483
GO:0097746,is_a,GO:0035296
GO:0097746,is_a,GO:0050880
GO:0097747,is_a,GO:0016779
GO:2000272,is_a,GO:0010469
GO:2000272,negatively_regulates,GO:0004872
GO:2000272,is_a,GO:0044092
GO:0044478,is_a,GO:0044469
GO:0044478,is_a,GO:0044365
GO:0043657,part_of,GO:0018995
GO:0043657,is_a,GO:0044216
GO:1901617,is_a,GO:1901576
GO:1901617,is_a,GO:1901615
GO:0071495,is_a,GO:0009719
GO:0044564,is_a,GO:0044562
GO:0004888,is_a,GO:0038023
GO:0004888,part_of,GO:0007165
GO:0004888,is_a,GO:0099600
GO:0043549,is_a,GO:0042325
GO:0043549,regulates,GO:0016301
GO:0043549,is_a,GO:0051338
GO:0044561,is_a,GO:0044359
GO:0044560,is_a,GO:0035738
GO:0044476,is_a,GO:0044474
GO:0016504,positively_regulates,GO:0008233
GO:0016504,part_of,GO:0010952
GO:0016504,is_a,GO:0008047
GO:0016504,is_a,GO:0061134
GO:1901615,is_a,GO:0071704
GO:0016641,is_a,GO:0016638
GO:0004180,is_a,GO:0008238
GO:0050688,regulates,GO:0051607
GO:0050688,is_a,GO:0032101
GO:0050688,is_a,GO:0002831
GO:0050688,is_a,GO:0002697
GO:0050688,is_a,GO:0043900
GO:0050688,is_a,GO:0031347
GO:0006695,is_a,GO:0016126
GO:0006695,is_a,GO:1902653
GO:0006695,is_a,GO:0008203
GO:0001172,is_a,GO:0097659
GO:0006820,is_a,GO:0006811
GO:0050920,is_a,GO:0040012
GO:0050920,regulates,GO:0006935
GO:0050920,is_a,GO:0032101
GO:0050921,is_a,GO:0050920
GO:0050921,positively_regulates,GO:0006935
GO:0050921,is_a,GO:0040017
GO:0050921,is_a,GO:0032103
GO:0034764,positively_regulates,GO:0055085
GO:0034764,is_a,GO:0034762
GO:0034764,is_a,GO:0051050
GO:0034765,regulates,GO:0034220
GO:0034765,is_a,GO:0043269
GO:0034765,is_a,GO:0034762
GO:0034767,is_a,GO:0034764
GO:0034767,positively_regulates,GO:0034220
GO:0034767,is_a,GO:0043270
GO:0034767,is_a,GO:0034765
GO:0034762,is_a,GO:0051049
GO:0034762,regulates,GO:0055085
GO:0051894,is_a,GO:0051893
GO:0051894,is_a,GO:1901890
GO:0051894,is_a,GO:0001954
GO:0051894,is_a,GO:1903393
GO:0051894,positively_regulates,GO:0048041
GO:0009755,part_of,GO:0032870
GO:0009755,is_a,GO:0007165
GO:0018199,is_a,GO:0018193
GO:0010604,is_a,GO:0060255
GO:0010604,is_a,GO:0009893
GO:0010604,positively_regulates,GO:0043170
GO:0042330,is_a,GO:0040011
GO:0042330,part_of,GO:0009605
GO:0098740,is_a,GO:0007155
GO:0098740,is_a,GO:0051704
GO:0009617,is_a,GO:0051707
GO:0009611,is_a,GO:0006950
GO:0018193,is_a,GO:0006464
GO:0044419,is_a,GO:0051704
GO:0071704,is_a,GO:0008152
GO:0010466,negatively_regulates,GO:0008233
GO:0010466,is_a,GO:0045861
GO:0010466,is_a,GO:0051346
GO:0010466,is_a,GO:0052547
GO:0045834,is_a,GO:0009893
GO:0045834,positively_regulates,GO:0006629
GO:0045834,is_a,GO:0019216
GO:0004536,part_of,GO:0006259
GO:0004536,is_a,GO:0004518
GO:0005576,is_a,GO:0005575
GO:0060255,is_a,GO:0019222
GO:0060255,regulates,GO:0043170
GO:0004672,is_a,GO:0016773
GO:0004672,part_of,GO:0006468
GO:0004672,is_a,GO:0016301
GO:0030162,regulates,GO:0006508
GO:0030162,is_a,GO:0051246
GO:0072376,is_a,GO:0019538
GO:0072376,is_a,GO:0050896
GO:0010876,is_a,GO:0033036
GO:0030168,is_a,GO:0001775
GO:0030168,part_of,GO:0007596
GO:0043231,is_a,GO:0043229
GO:0043231,is_a,GO:0043227
GO:0018995,is_a,GO:0044215
GO:0048870,is_a,GO:0040011
GO:0048870,part_of,GO:0051674
GO:0048870,is_a,GO:0006928
GO:0097367,is_a,GO:0005488
GO:0070588,is_a,GO:0006816
GO:0070588,is_a,GO:0098662
GO:0048878,is_a,GO:0042592
GO:0006163,is_a,GO:0072521
GO:0006163,is_a,GO:0009117
GO:0044260,is_a,GO:0044237
GO:0044260,is_a,GO:0043170
GO:0006164,is_a,GO:0006163
GO:0006164,is_a,GO:0072522
GO:0006164,is_a,GO:0009165
GO:0030193,is_a,GO:0061041
GO:0030193,regulates,GO:0007596
GO:0030193,is_a,GO:0050818
GO:0030193,is_a,GO:1900046
GO:0030193,is_a,GO:0032101
GO:0019438,is_a,GO:0044249
GO:0019438,is_a,GO:0006725
GO:0032309,is_a,GO:0071715
GO:0032309,is_a,GO:0046717
GO:0030195,is_a,GO:0030193
GO:0030195,negatively_regulates,GO:0007596
GO:0030195,is_a,GO:0050819
GO:0030195,is_a,GO:0061045
GO:0030195,is_a,GO:1900047
GO:0030194,is_a,GO:0030193
GO:0030194,is_a,GO:0050820
GO:0030194,positively_regulates,GO:0007596
GO:0030194,is_a,GO:1900048
GO:0030194,is_a,GO:0090303
GO:0005126,is_a,GO:0005102
GO:0098610,is_a,GO:0098609
GO:0098610,is_a,GO:0098740
GO:0005125,is_a,GO:0005102
GO:0015464,is_a,GO:0004888
GO:0015464,is_a,GO:0030594
GO:0032940,is_a,GO:0046903
GO:0032940,is_a,GO:0009987
GO:0042742,is_a,GO:0009617
GO:0042742,is_a,GO:0098542
GO:0052739,is_a,GO:0004620
GO:0052739,is_a,GO:0052689
GO:0055102,is_a,GO:0004857
GO:0055102,negatively_regulates,GO:0016298
GO:0007186,is_a,GO:0007165
GO:1901576,is_a,GO:0071704
GO:1901576,is_a,GO:0009058
GO:1901575,is_a,GO:0071704
GO:1901575,is_a,GO:0009056
GO:0016049,is_a,GO:0009987
GO:0016049,is_a,GO:0040007
GO:1901571,is_a,GO:0071702
GO:0045936,negatively_regulates,GO:0006796
GO:0045936,is_a,GO:0010563
GO:0045936,is_a,GO:0019220
GO:0002254,is_a,GO:0002526
GO:0002254,is_a,GO:0072376
GO:0016043,is_a,GO:0009987
GO:0016043,is_a,GO:0071840
GO:0016042,is_a,GO:1901575
GO:0016042,is_a,GO:0006629
GO:0065003,is_a,GO:0043933
GO:0065003,is_a,GO:0022607
GO:0010810,regulates,GO:0031589
GO:0010810,is_a,GO:0030155
GO:0010544,is_a,GO:0050866
GO:0010544,negatively_regulates,GO:0030168
GO:0010544,is_a,GO:0010543
GO:0010544,is_a,GO:0030195
GO:0002366,is_a,GO:0045321
GO:0002366,is_a,GO:0002263
GO:0002366,part_of,GO:0006955
GO:0065007,is_a,GO:0008150
GO:0010543,is_a,GO:0050865
GO:0010543,is_a,GO:0030193
GO:0010543,regulates,GO:0030168
GO:2000649,is_a,GO:1902305
GO:2000649,regulates,GO:0015081
GO:2000649,is_a,GO:0032412
GO:0019233,is_a,GO:0007600
GO:0022803,is_a,GO:0022857
GO:0065009,regulates,GO:0003674
GO:0065009,is_a,GO:0065007
GO:0016684,is_a,GO:0016491
GO:0051130,is_a,GO:0051128
GO:0051130,positively_regulates,GO:0016043
GO:0051130,is_a,GO:0048522
GO:0043168,is_a,GO:0043167
GO:0006139,is_a,GO:0044238
GO:0006139,is_a,GO:0034641
GO:0006139,is_a,GO:0006725
GO:0006139,is_a,GO:1901360
GO:0006139,is_a,GO:0046483
GO:0008015,is_a,GO:0003013
GO:0008016,regulates,GO:0060047
GO:0008016,is_a,GO:1903522
GO:0009152,is_a,GO:0009260
GO:0009152,is_a,GO:0009150
GO:0009152,is_a,GO:0006164
GO:0042060,is_a,GO:0009611
GO:0009150,is_a,GO:0006163
GO:0009150,is_a,GO:0009259
GO:0019439,is_a,GO:0044248
GO:0019439,is_a,GO:0006725
GO:0050880,part_of,GO:0008015
GO:0050880,is_a,GO:0003018
GO:0050880,is_a,GO:0035150
GO:0043393,is_a,GO:0051098
GO:0043393,regulates,GO:0005515
GO:0044498,is_a,GO:0035738
GO:0008152,is_a,GO:0008150
GO:0043254,is_a,GO:0044087
GO:0043254,regulates,GO:0006461
GO:0043254,is_a,GO:0051128
GO:0042730,is_a,GO:0030195
GO:0031644,regulates,GO:0050877
GO:0031644,is_a,GO:0044057
GO:0099602,is_a,GO:0030545
GO:0099602,regulates,GO:0030594
GO:0099602,part_of,GO:0099601
GO:0052740,is_a,GO:0004620
GO:0052740,is_a,GO:0052689
GO:0031640,is_a,GO:0001906
GO:0031640,is_a,GO:0044364
GO:0098660,is_a,GO:0034220
GO:0005539,is_a,GO:0097367
GO:0016462,is_a,GO:0016818
GO:0043227,is_a,GO:0043226
GO:0005248,is_a,GO:1905030
GO:0005248,is_a,GO:0005272
GO:0044283,is_a,GO:0009058
GO:0044283,is_a,GO:0044281
GO:0005246,regulates,GO:0005262
GO:0005246,is_a,GO:0099106
GO:0005244,part_of,GO:0034765
GO:0005244,is_a,GO:0005216
GO:0005244,is_a,GO:0022832
GO:0030308,negatively_regulates,GO:0016049
GO:0030308,is_a,GO:0001558
GO:0030308,is_a,GO:0045926
GO:0030308,is_a,GO:0048523
GO:0006869,part_of,GO:0010876
GO:0006869,is_a,GO:0071702
GO:0016311,is_a,GO:0006796
GO:0016310,is_a,GO:0006796
GO:0050801,is_a,GO:0048878
GO:0090729,part_of,GO:0009405
GO:0090729,is_a,GO:0003674
GO:0044248,is_a,GO:0009056
GO:0044248,is_a,GO:0044237
GO:0006940,regulates,GO:0006939
GO:0006940,is_a,GO:0006937
GO:0034641,is_a,GO:0006807
GO:0034641,is_a,GO:0044237
GO:0023052,is_a,GO:0008150
GO:0010648,negatively_regulates,GO:0007154
GO:0010648,is_a,GO:0010646
GO:0010648,is_a,GO:0048523
GO:0042221,is_a,GO:0050896
GO:0043083,is_a,GO:0044456
GO:0043083,part_of,GO:0045202
GO:0043083,is_a,GO:0005576
GO:0001664,is_a,GO:0005102
GO:0046068,is_a,GO:0009187
GO:0046068,is_a,GO:0009150
GO:0009653,is_a,GO:0032502
GO:0009653,part_of,GO:0048856
GO:0043086,negatively_regulates,GO:0003824
GO:0043086,is_a,GO:0050790
GO:0043086,is_a,GO:0044092
GO:0043085,positively_regulates,GO:0003824
GO:0043085,is_a,GO:0050790
GO:0043085,is_a,GO:0044093
GO:0044363,is_a,GO:0044561
GO:0044362,is_a,GO:0044359
GO:0044362,is_a,GO:0044092
GO:0044361,is_a,GO:0044362
GO:0044361,is_a,GO:0044360
GO:0044360,is_a,GO:0044363
GO:0047498,is_a,GO:0004623
GO:0044365,is_a,GO:0044468
GO:0051917,is_a,GO:0030193
GO:0051917,regulates,GO:0042730
GO:0072509,is_a,GO:0022890
GO:0072509,part_of,GO:0072511
GO:0044456,is_a,GO:0005575
GO:0044456,part_of,GO:0045202
GO:0022610,is_a,GO:0008150
GO:0060422,is_a,GO:0030414
GO:0030826,is_a,GO:0030802
GO:0030826,is_a,GO:0030823
GO:0030826,regulates,GO:0006182
GO:0030826,is_a,GO:1900371
GO:0019079,part_of,GO:0019058
GO:0019079,is_a,GO:0016032
GO:0002831,regulates,GO:0009607
GO:0002831,is_a,GO:0048583
GO:0046165,is_a,GO:0006066
GO:0046165,is_a,GO:1901617
GO:0046165,is_a,GO:0044283
GO:0052689,is_a,GO:0016788
GO:0034062,is_a,GO:0097747
GO:0090331,is_a,GO:0090330
GO:0090331,is_a,GO:0010544
GO:0090331,negatively_regulates,GO:0070527
GO:0090331,is_a,GO:0034111
GO:0003968,is_a,GO:0034062
GO:0003968,part_of,GO:0001172
GO:0030414,negatively_regulates,GO:0008233
GO:0030414,part_of,GO:0010466
GO:0030414,is_a,GO:0004857
GO:0030414,is_a,GO:0061134
GO:0001897,is_a,GO:0001907
GO:0001897,is_a,GO:0051801
GO:0052331,part_of,GO:0044403
GO:0052331,is_a,GO:0044179
GO:0052331,is_a,GO:0051801
GO:0046717,is_a,GO:0046903
GO:0035529,is_a,GO:0004551
GO:0008201,is_a,GO:0005539
GO:0008201,is_a,GO:1901681
GO:0008201,is_a,GO:0043168
GO:0008202,is_a,GO:0006629
GO:0008202,is_a,GO:1901360
GO:0008203,is_a,GO:1902652
GO:0008203,is_a,GO:0016125
GO:0032269,negatively_regulates,GO:0044267
GO:0032269,is_a,GO:0051248
GO:0032269,is_a,GO:0031324
GO:0032269,is_a,GO:0032268
GO:0032268,regulates,GO:0044267
GO:0032268,is_a,GO:0031323
GO:0032268,is_a,GO:0051246
GO:0001716,is_a,GO:0016641
GO:0009725,is_a,GO:0009719
GO:0009725,is_a,GO:0010033
GO:0051098,is_a,GO:0065009
GO:0051098,regulates,GO:0005488
GO:1901292,is_a,GO:0034655
GO:1901292,is_a,GO:0006753
GO:1901292,is_a,GO:0046434
GO:0005991,is_a,GO:0005984
GO:0043170,is_a,GO:0071704
GO:0070265,is_a,GO:0008219
GO:1900120,regulates,GO:0005102
GO:1900120,is_a,GO:0043393
GO:0042802,is_a,GO:0005515
GO:0045862,positively_regulates,GO:0006508
GO:0045862,is_a,GO:0030162
GO:0045862,is_a,GO:0032270
GO:0045861,negatively_regulates,GO:0006508
GO:0045861,is_a,GO:0032269
GO:0045861,is_a,GO:0030162
GO:0042803,is_a,GO:0046983
GO:0042803,is_a,GO:0042802
GO:0031859,is_a,GO:0001664
GO:0015927,is_a,GO:0004553
GO:0038024,part_of,GO:0006898
GO:0038024,is_a,GO:0004872
GO:0038023,part_of,GO:0007165
GO:0038023,is_a,GO:0004871
GO:0038023,is_a,GO:0004872
GO:0019207,part_of,GO:0042325
GO:0019207,is_a,GO:0030234
GO:0019207,regulates,GO:0016301
GO:0031328,is_a,GO:0031326
GO:0031328,is_a,GO:0031325
GO:0031328,is_a,GO:0009891
GO:0031328,positively_regulates,GO:0044249
GO:0031326,is_a,GO:0009889
GO:0031326,regulates,GO:0044249
GO:0031326,is_a,GO:0031323
GO:0031325,is_a,GO:0031323
GO:0031325,is_a,GO:0009893
GO:0031325,positively_regulates,GO:0044237
GO:0031325,is_a,GO:0048522
GO:0031324,is_a,GO:0009892
GO:0031324,is_a,GO:0031323
GO:0031324,negatively_regulates,GO:0044237
GO:0031324,is_a,GO:0048523
GO:0031323,regulates,GO:0044237
GO:0031323,is_a,GO:0019222
GO:0031323,is_a,GO:0050794
GO:0044179,is_a,GO:0051715
GO:0009719,is_a,GO:0050896
GO:0090304,is_a,GO:0006139
GO:0090304,is_a,GO:0043170
GO:0090305,is_a,GO:0090304
GO:0032501,is_a,GO:0008150
GO:0036094,is_a,GO:0005488
GO:0004872,is_a,GO:0060089
GO:0004871,is_a,GO:0003674
GO:0004871,part_of,GO:0007165
GO:0090303,is_a,GO:0061041
GO:0090303,positively_regulates,GO:0042060
GO:0090303,is_a,GO:1903036
GO:0044236,is_a,GO:0032501
GO:0044236,is_a,GO:0008152
GO:0098754,part_of,GO:0009636
GO:0098754,is_a,GO:0008150
GO:0050662,is_a,GO:0048037
GO:0035893,is_a,GO:0090331
GO:0035893,is_a,GO:0035899
GO:0035893,is_a,GO:0035892
GO:0035892,is_a,GO:0090330
GO:0035892,is_a,GO:0035806
GO:0035892,is_a,GO:0044364
GO:0035895,is_a,GO:0043304
GO:0035895,is_a,GO:0035821
GO:0040007,is_a,GO:0008150
GO:0071822,is_a,GO:0043933
GO:0035896,is_a,GO:0035895
GO:0035896,is_a,GO:0043306
GO:0035899,is_a,GO:0035806
GO:0035899,is_a,GO:0030195
GO:0040008,regulates,GO:0040007
GO:0040008,is_a,GO:0050789
GO:0004104,is_a,GO:0052689
GO:0032844,regulates,GO:0042592
GO:0032844,is_a,GO:0065008
GO:0032844,is_a,GO:0050789
GO:0051899,is_a,GO:0042391
GO:0010469,is_a,GO:0009966
GO:0010469,is_a,GO:0065009
GO:0010469,regulates,GO:0004872
GO:0005179,is_a,GO:0005102
GO:0005272,part_of,GO:0035725
GO:0005272,is_a,GO:0005261
GO:0005272,is_a,GO:0015081
GO:0016818,is_a,GO:0016817
GO:0031334,is_a,GO:0051130
GO:0031334,is_a,GO:0043254
GO:0031334,positively_regulates,GO:0006461
GO:0031334,is_a,GO:0044089
GO:0005172,is_a,GO:0005126
GO:0005172,is_a,GO:0070851
GO:0009395,is_a,GO:0006644
GO:0009395,is_a,GO:0044242
GO:0009395,is_a,GO:0046434
GO:0002448,is_a,GO:0002444
GO:2000651,is_a,GO:0032414
GO:2000651,is_a,GO:1902307
GO:2000651,positively_regulates,GO:0015081
GO:2000651,is_a,GO:2000649
GO:0005886,is_a,GO:0044464
GO:0005886,is_a,GO:0016020
GO:0005886,part_of,GO:0071944
GO:0007155,is_a,GO:0022610
GO:0007154,is_a,GO:0009987
GO:0002443,is_a,GO:0002252
GO:0002444,is_a,GO:0002443
GO:0050482,is_a,GO:0032309
GO:0050482,is_a,GO:1903963
GO:0030825,is_a,GO:0030823
GO:0030825,positively_regulates,GO:0046068
GO:0030825,is_a,GO:0030801
GO:0030825,is_a,GO:1900544
GO:1900542,regulates,GO:0006163
GO:1900542,is_a,GO:0006140
GO:0030823,is_a,GO:0030799
GO:0030823,regulates,GO:0046068
GO:0030823,is_a,GO:1900542
GO:1900544,positively_regulates,GO:0006163
GO:1900544,is_a,GO:1900542
GO:1900544,is_a,GO:0045981
GO:0070851,is_a,GO:0005102
GO:0045777,is_a,GO:0008217
GO:0045776,is_a,GO:0008217
GO:0030828,is_a,GO:0030804
GO:0030828,is_a,GO:0030825
GO:0030828,positively_regulates,GO:0006182
GO:0030828,is_a,GO:1900373
GO:0030828,is_a,GO:0030826
GO:0044087,regulates,GO:0044085
GO:0044087,is_a,GO:0050789
GO:0044085,is_a,GO:0071840
GO:0016032,is_a,GO:0044403
GO:0005976,is_a,GO:0005975
GO:0005976,is_a,GO:0043170
GO:0048037,is_a,GO:0005488
GO:0001933,negatively_regulates,GO:0006468
GO:0001933,is_a,GO:0042326
GO:0001933,is_a,GO:0031400
GO:0001933,is_a,GO:0001932
GO:0001936,regulates,GO:0001935
GO:0001936,is_a,GO:0050678
GO:0044249,is_a,GO:0009058
GO:0044249,is_a,GO:0044237
GO:0070527,is_a,GO:0034109
GO:0070527,part_of,GO:0030168
GO:0044089,is_a,GO:0048518
GO:0044089,is_a,GO:0044087
GO:0044089,positively_regulates,GO:0044085
